amino_acid,sheet,area_buried,surface_area,helix,bulkiness,flexibility,charge,turn,refractivity,molecular_weight,hydropathicity,transmembrane_tendancy,polarity
A,0.83,86.6,118.1,1.42,11.5,0.36,0,0.66,4.34,89,1.8,0.38,8.1
C,1.19,132.3,146.1,0.7,13.46,0.35,0,1.19,35.77,121,2.5,-0.3,5.5
D,0.54,97.8,158.7,1.01,11.68,0.51,-1,1.46,12,133,-3.5,-3.27,13
E,0.37,113.9,186.2,1.51,13.57,0.5,-1,0.74,17.26,147,-3.5,-2.9,12.3
F,1.38,194.1,222.8,1.13,19.8,0.31,0,0.6,29.4,165,2.8,1.98,5.2
G,0.75,62.9,88.1,0.57,3.4,0.54,0,1.56,0,75,-0.4,-0.19,9
H,0.87,155.8,202.5,1,13.69,0.32,0,0.95,21.81,155,-3.2,-1.44,10.4
I,1.6,158,181,1.08,21.4,0.46,0,0.47,19.06,131,4.5,1.97,5.2
K,0.74,115.5,225.8,1.16,15.71,0.47,1,1.01,21.29,146,-3.9,-3.46,11.3
L,1.3,164.1,193.1,1.21,21.4,0.37,0,0.59,18.78,131,3.8,1.82,4.9
M,1.05,172.9,203.4,1.45,16.25,0.3,0,0.6,21.64,149,1.9,1.4,5.7
N,0.89,103.3,165.5,0.67,12.82,0.46,0,1.56,13.28,132,-3.5,-1.62,11.6
P,0.55,92.9,146.8,0.57,17.43,0.51,0,1.52,10.93,115,-1.6,-1.44,8
Q,1.1,119.2,193.2,1.11,14.45,0.49,0,0.98,17.56,146,-3.5,-1.84,10.5
R,0.93,162.2,256,0.98,14.28,0.53,1,0.95,26.66,174,-4.5,-2.57,10.5
S,0.75,85.6,129.8,0.77,9.47,0.51,0,1.43,6.35,105,-0.8,-0.53,9.2
T,1.19,106.5,152.5,0.83,15.77,0.44,0,0.96,11.01,119,-0.7,-0.32,8.6
V,1.7,141,164.5,1.06,21.57,0.39,0,0.5,13.92,117,4.2,1.46,5.9
W,1.37,224.6,266.3,1.08,21.67,0.31,0,0.96,42.53,204,-0.9,1.53,5.4
Y,1.47,177.7,236.8,0.69,18.03,0.42,0,1.14,31.53,181,-1.3,0.49,6.2
