Peptides,Label
AD,1
ADE,1
AF,1
AGNPDIEHPE,1
AIPPKKNQDKTEIPTIN,1
AL,1
ALEPDHR,1
APFPE,1
APFPEVF,1
APFPEVFG,1
APK,1
APKHKEMPFPKYPVEPF,1
AQTQSLVYPFPGPIPNSLPQNIPPLTQ,1
ARHPHPHLSFM,1
AV,1
AYFYPEL,1
DA,1
DG,1
DIKQM,1
DL,1
DLL,1
DV,1
DY,1
EA,1
EE,1
EEN,1
EF,1
EG,1
EGG,1
EI,1
EIVPN,1
EIVPNSVEQK,1
EL,1
ELEEL,1
ELL,1
EPAD,1
EQGGEQG,1
EQPQQNE,1
ERYLGYLEQ,1
EV,1
EVLN,1
EW,1
EY,1
FALPQYLK,1
FALPQYLKT,1
FAPEF,1
FF,1
FFF,1
FFG,1
FFGG,1
FFPE,1
FFPG,1
FFPGG,1
FFPP,1
FFPR,1
FFRPFFRPFF,1
FFSDKIAK,1
FFVAPFPEVF,1
FFVAPFPEVFGK,1
FG,1
FGF,1
FGFG,1
FGG,1
FGGF,1
FI,1
FIV,1
FL,1
FLL,1
FP,1
FPF,1
FPK,1
FPP,1
FPPFIV,1
FV,1
FW,1
FY,1
FYPE,1
FYPELF,1
FYPELFR,1
GE,1
GF,1
GFF,1
GFG,1
GGF,1
GGFF,1
GGFFGG,1
GGGGL,1
GGGL,1
GGGLG,1
GGL,1
GGLG,1
GGLGG,1
GGP,1
GGRGPPFIV,1
GGRGPPFIVGG,1
GGRPFF,1
GGRPFFGG,1
GGV,1
GGVVV,1
GGY,1
GI,1
GKHQQEEENEGG,1
GL,1
GLG,1
GLGG,1
GLGGG,1
GLL,1
GLY,1
GMIYPG,1
GNPDIEHP,1
GP,1
GPFF,1
GPFP,1
GPFPI,1
GPFPII,1
GPFPIIV,1
GPFPVI,1
GPG,1
GPPF,1
GPPFIV,1
GPVRGPFP,1
GPVRGPFPIIV,1
GR,1
GRP,1
GV,1
GVV,1
GW,1
GY,1
GYG,1
GYY,1
HLPLPLLQ,1
HLPLPLLQS,1
IA,1
IAKYIPI,1
ID,1
IE,1
IF,1
IG,1
IGTLAGA,1
II,1
IK,1
IL,1
IN,1
IP,1
IPAVF,1
IQ,1
IQKEDVPS,1
IS,1
IT,1
IV,1
IW,1
KAVPYPPQ,1
KF,1
KG,1
KLHENIAR,1
KP,1
KPF,1
KPK,1
KPPFIV,1
KVLPVPQKAVPYPQ,1
LA,1
LAGNQEEE,1
LD,1
LE,1
LEQLL,1
LF,1
LG,1
LGG,1
LGGG,1
LGGGG,1
LGL,1
LGYLEQLL,1
LHLPLP,1
LHLPLPLL,1
LHLPLPLLQS,1
LI,1
LL,1
LLF,1
LLG,1
LLL,1
LLLL,1
LLRLKK,1
LPFNQL,1
LPFSQL,1
LPLPLLQSW,1
LPQE,1
LQL,1
LRL,1
LRP,1
LV,1
LVYPFPGPIHN,1
LW,1
LY,1
MAPKHKEMPFPKYPVEPF,1
MI,1
MPFPKYPVEPF,1
NALEPDHRVE,1
NALPE,1
NENLL,1
NFNNQLDQQTPR,1
NLHLPLPLLQS,1
NLLRFF,1
NLQG,1
NNEDT,1
PA,1
PF,1
PFIV,1
PFP,1
PFPGPI,1
PFPGPIP,1
PFPGPIPNS,1
PFPIIV,1
PFPP,1
PG,1
PGG,1
PGI,1
PGP,1
PGPGPG,1
PGPIP,1
PGR,1
PI,1
PIP,1
PK,1
PL,1
PP,1
PPF,1
PPFIV,1
PPG,1
PPP,1
PR,1
PVLGPV,1
PVLGPVRGPFPIIV,1
PVRGPFPIIV,1
PY,1
QDKIHPFAQTQSLVYPFPGP,1
QEPVLGPVRGPFPII,1
QLFGPNVNPWHNP,1
QLFNPS,1
QLFNPSTNP,1
QLFNPSTNPWH,1
QLFNPSTNPWHSP,1
QNDKIHPFAQTQSLVYPFGPIP,1
QNDKIHPFAQTQSLVYPFGPIPNSLPQNIPPLTQTPVVV,1
QPVLGPVRGPFPIIV,1
QQPVLGPVRGPFPI,1
QSKVLPVPQ,1
RDMPIQAFLLY,1
RF,1
RFGF,1
RG,1
RGFF,1
RGGFIV,1
RGP,1
RGPEPIIV,1
RGPFIV,1
RGPFPI,1
RGPFPIIV,1
RGPFPIV,1
RGPGPIIV,1
RGPKPIIV,1
RGPPF,1
RGPPFF,1
RGPPFFF,1
RGPPFGG,1
RGPPFI,1
RGPPFIIV,1
RGPPFIV,1
RGPPFIVGG,1
RGPPFIVRGPPFIV,1
RGPPGF,1
RGPPGFF,1
RGPPGFG,1
RGPPGGF,1
RGPPGGFF,1
RGPPGGGFF,1
RGPPGGV,1
RGPPGIG,1
RP,1
RPF,1
RPFF,1
RPFFGG,1
RPFFRPFF,1
RPFFRPFFRPFF,1
RPFG,1
RPG,1
RPGF,1
RPGFF,1
RPGGFF,1
RPKHPIKHQ,1
RPPFIV,1
RPPPFFF,1
RR,1
RRPFF,1
RRPP,1
RRPPFF,1
RRPPFFF,1
RRPPGF,1
RRPPPFFF,1
RRR,1
SAEFG,1
SL,1
SLA,1
SLVYPFPGPIHNS,1
SLVYPFPGPIPNSL,1
TDVENLHLPPLL,1
TQTPVVVPPFL,1
TQTPVVVPPFLQPE,1
VA,1
VAPFP,1
VAPFPE,1
VAPFPEVFGKE,1
VD,1
VE,1
VENLHLPLPLL,1
VENLHLPLPLLQSW,1
VF,1
VFGKEKVNEL,1
VG,1
VI,1
VIF,1
VIFPPG,1
VIFPPGR,1
VIIPFPG,1
VIIPFPGR,1
VIPFPGR,1
VL,1
VLPVPQ,1
VLPVPQKAVPYPQ,1
VPLGTQYTDAPSF,1
VPPFL,1
VPPFLE,1
VPPFLQ,1
VRGPFP,1
VV,1
VVAPFP,1
VVAPFPE,1
VVAPFPEV,1
VVPPFL,1
VVV,1
VVVPPFL,1
VVVPPFLQP,1
VVYPWTQRF,1
VY,1
VYP,1
VYPF,1
VYPFGGGINH,1
VYPFPGPIPN,1
VYPFPPG,1
VYPFPPGI,1
VYPFPPGIGG,1
VYPFPPGINH,1
VYPFPPIGNH,1
WE,1
WF,1
WL,1
WP,1
WW,1
WWW,1
YEGNS,1
YF,1
YG,1
YGG,1
YGLF,1
YGY,1
YL,1
YLEQLLR,1
YLGYLEQLLR,1
YP,1
YPF,1
YPFPGPI,1
YPFPGPIHN,1
YPFPGPIHNS,1
YPFPGPIPN,1
YQEPVLGPVRGPFPI,1
YQEPVLGPVRGPFPII,1
YQEPVLGPVRGPFPIIV,1
YQQKPVAL,1
YQQPVLGPVRGPFPI,1
YQQPVLGPVRGPFPII,1
YQQPVLGPVRGPFPIIV,1
YY,1
YYG,1
YYY,1
AA,0
AAMY,0
AAP,0
AAPY,0
AAYM,0
ADA,0
ADE,0
ADGLWL,0
ADM,0
ADW,0
AE,0
AEA,0
AEASALR,0
AED,0
AEP,0
AFDEK,0
AFP,0
AG,0
AGAGPTP,0
AGDDAPR,0
AGDDAPRAVF,0
AGFAGDDAPR,0
AGGGGGGVVAG,0
AGLQFPVGR,0
AH,0
AHSVRFY,0
AHSY,0
AIP,0
AIPP,0
AIYK,0
AKK,0
AKLTSLEEECQR,0
AKYSY,0
AL,0
ALASLDGEFKG,0
ALKAWSVAR,0
ALNEINQFY,0
ALNEINQFYQK,0
ALPAEV,0
ALPEEV,0
ALPHA,0
ALPMH,0
ALPMHIR,0
ALPP,0
AMKPW,0
AMKPWIQPK,0
AMPKPW,0
ANPGPVRDLR,0
AP,0
APA,0
APAP,0
APPPPAEVHEEVH,0
APPPPAEVHEV,0
APPPPAEVHEVHEEVH,0
APPPPAEVHEVV,0
APPPPAEVHEVVE,0
AQALQAQA,0
AQTQSLVYP,0
AR,0
AREIALQELGEQAK,0
ASEFFR,0
ASLDGEFKG,0
ASNMSDL,0
AV,0
AVNPIR,0
AVP,0
AVPYP,0
AVPYPQR,0
AVVRP,0
AW,0
AY,0
AYFYP,0
AYFYPE,0
CF,0
CMENSA,0
CWLPVY,0
DA,0
DAE,0
DAG,0
DAGVIAGLNVLR,0
DAGVIAQVLR,0
DALKKK,0
DAPYDYK,0
DAYPSGAW,0
DD,0
DDD,0
DDE,0
DDNK,0
DE,0
DED,0
DEDFKREP,0
DEE,0
DEKR,0
DEL,0
DES,0
DFKREP,0
DFVAP,0
DG,0
DGG,0
DGY,0
DK,0
DKIHPF,0
DKIYPSFQPQPLIYP,0
DLP,0
DMIPAQK,0
DPLRGGYY,0
DQEDLDESLIGVK,0
DQR,0
DR,0
DV,0
DVNNPANQLD,0
DYGLYP,0
EA,0
EAGIQ,0
EATLWDMEEK,0
ECG,0
ED,0
EDD,0
EDE,0
EDF,0
EDG,0
EDQK,0
EDV,0
EE,0
EED,0
EEDGK,0
EEE,0
EEEQ,0
EEK,0
EEL,0
EEN,0
EESLA,0
EF,0
EFEGGSIEH,0
EFKEYN,0
EG,0
EGF,0
EGS,0
EGSEAPDGSSR,0
EGSTIGLSK,0
EHAMLN,0
EINEL,0
EK,0
EKDERF,0
EL,0
EMH,0
EMPFPK,0
EN,0
ENE,0
ENGLPVHLDQSIFRR,0
ENGLPVHLDQSIFRRP,0
ENINEL,0
ENLHLPLP,0
EP,0
EPAD,0
EPIPYGFLP,0
EPKAIP,0
EQE,0
EQEEK,0
EQEEL,0
EQLEATVQKLDESR,0
EQQQQ,0
ERKIKVYL,0
ES,0
ESDVVSDL,0
ESLA,0
ESV,0
ET,0
ETSARHL,0
EV,0
EVC,0
EY,0
FADNVFAL,0
FAGDDAPR,0
FALPQY,0
FAP,0
FAQTQSLVYP,0
FCF,0
FFGRCVSP,0
FFL,0
FFVAP,0
FFVAPFPFEVFGK,0
FGASTRGA,0
FGK,0
FGRCVSP,0
FHSGIQSEPKAIP,0
FK,0
FKGRYYP,0
FNEIIKETST,0
FNQ,0
FPEVFGK,0
FPFEVFGK,0
FPQYLQY,0
FQKPKR,0
FQKVVA,0
FQKVVAG,0
FQKVVAK,0
FQP,0
FQPQPLIYP,0
FR,0
FRAEHPL,0
FVAP,0
FVGLQER,0
FWN,0
FYQQ,0
GA,0
GAAELPCSADWW,0
GD,0
GDAP,0
GDD,0
GDDAPR,0
GDG,0
GEE,0
GEG,0
GEP,0
GFLGPQ,0
GFP,0
GFSFTTTAER,0
GG,0
GGGE,0
GGGS,0
GGITETW,0
GGNP,0
GGPG,0
GH,0
GHF,0
GHKIATFQER,0
GIQSEPKAIP,0
GK,0
GKKIATYQER,0
GKKVLQ,0
GKP,0
GLDIQK,0
GLE,0
GLLPDGTPR,0
GLP,0
GM,0
GPA,0
GPAGAPGAA,0
GPAGPAGPR,0
GPDPER,0
GPL,0
GPV,0
GQ,0
GRVMP,0
GRVSNCAA,0
GS,0
GSGVGGAK,0
GT,0
GTW,0
GVDTK,0
GVHGV,0
GVW,0
GVYPHK,0
GWAP,0
GYALPHA,0
GYK,0
GYSFTTTAER,0
HG,0
HGEDKEGE,0
HGLF,0
HHL,0
HIR,0
HIRL,0
HL,0
HLL,0
HLPLP,0
HLQLAIR,0
HNESQN,0
HPFAQTQSLVYP,0
HQAAGW,0
HQIYP,0
HS,0
HSGIQSEPKAIP,0
HSSIQSQPQAFT,0
HY,0
IAIP,0
IAIPP,0
IAK,0
IFG,0
IGPGLGR,0
IHPFAQTQSLVYP,0
IKP,0
IKPLNY,0
IKW,0
ILP,0
IMEALAGAGIDPRR,0
INEL,0
INKPGL,0
IPA,0
IPIPATKT,0
IPP,0
IPQEVLP,0
IPY,0
IQEL,0
IQSEPKAIP,0
IQSQPQAFP,0
IR,0
IRA,0
IRAQQ,0
IRP,0
IRPVQ,0
ITT,0
ITTNP,0
IVGRPRHQG,0
IVGRRRHQG,0
IVR,0
IVY,0
IWH,0
IWHHT,0
IY,0
IYK,0
IYLL,0
IYP,0
IYPR,0
IYPRY,0
IYPSFQPQPLIYP,0
KA,0
KAIP,0
KAPSTM,0
KDERF,0
KDGGGGK,0
KEMQKN,0
KFHSGIQSEPKAIP,0
KFY,0
KFYG,0
KG,0
KGD,0
KGDEE,0
KGDEESLA,0
KGGGGP,0
KGRYER,0
KGSLADEE,0
KIHPFAQTQSLVYP,0
KIYPSFQPQPLIYP,0
KKIATYQER,0
KL,0
KR,0
KSAEN,0
KVHSSIQSQPQAFT,0
KVLAGM,0
KVLPVP,0
KVLPVPQ,0
KVREGT,0
KVREGTTY,0
KW,0
KY,0
KYY,0
LA,0
LAA,0
LAHKAL,0
LALPP,0
LAMA,0
LAP,0
LAY,0
LAYFYP,0
LDAQSAPLR,0
LDIQK,0
LDL,0
LE,0
LEE,0
LEGSLE,0
LELNQ,0
LENLHLPLP,0
LEQL,0
LFRQ,0
LGDVLVR,0
LGP,0
LHLP,0
LHLPLP,0
LHLPLPL,0
LIY,0
LIYP,0
LK,0
LKA,0
LKL,0
LKP,0
LKPMN,0
LKVGVKQY,0
LLDAFFFDNK,0
LLF,0
LLLPGELAF,0
LLLPGELAK,0
LLNPPHQIYP,0
LLP,0
LLYQQPV,0
LNP,0
LNPA,0
LNPPHQIYP,0
LNVPGEIVE,0
LPEEV,0
LPG,0
LPLLEEAFLSR,0
LPLP,0
LPP,0
LPQNILP,0
LPYPY,0
LQ,0
LQKW,0
LQP,0
LQPLNAH,0
LQQ,0
LQSW,0
LRW,0
LRY,0
LSP,0
LSPA,0
LT,0
LTF,0
LVE,0
LVL,0
LVR,0
LVRT,0
LVVYPWTQR,0
LVYP,0
LVYPFPGPIPNSLPQNIPP,0
LYER,0
LYP,0
LYPVK,0
MAASGDVGK,0
MEREQEESTMR,0
MF,0
MG,0
MIFPGGPQL,0
MKG,0
MKPWIQPK,0
MKY,0
MNP,0
MNPPK,0
MTNLLEDLSFR,0
MY,0
MYY,0
NALKSVECYDAR,0
NEY,0
NF,0
NG,0
NGG,0
NIFYCP,0
NILP,0
NIPPLTQTPV,0
NK,0
NKL,0
NLHLP,0
NLHLPLP,0
NMAINPSK,0
NNENQLDEYQR,0
NNP,0
NP,0
NPP,0
NPPHQIYP,0
NQEGLFR,0
NRTF,0
NRVYVHPF,0
NVVGET,0
NWDDMEK,0
NWGPLV,0
NY,0
PAATIPE,0
PANIKWGD,0
PANLPWGSSNV,0
PAP,0
PAQ,0
PAVVLP,0
PE,0
PET,0
PFFDPQIP,0
PFPE,0
PGD,0
PGGVRNG,0
PGL,0
PGPAGPAGP,0
PGTAVFK,0
PHQIYP,0
PIGNIN,0
PKAIP,0
PLG,0
PLIYP,0
PLP,0
PLW,0
PNSHP,0
PPHQIYP,0
PPK,0
PPPVHL,0
PQAFP,0
PQEVLP,0
PQNILP,0
PQPIP,0
PQPLIYP,0
PQR,0
PQTLALP,0
PRY,0
PSE,0
PSFQP,0
PSFQPQPLIYP,0
PSG,0
PSKIKWGD,0
PSY,0
PTHIKWGD,0
PVPQP,0
PVRAVP,0
PYP,0
QAEADMAR,0
QAFT,0
QDSIGS,0
QEEK,0
QEEL,0
QG,0
QIEELEGK,0
QK,0
QL,0
QP,0
QPIP,0
QPLIYP,0
QPQAFP,0
QPQPLIYP,0
QRPR,0
QSEPKAIP,0
QSLVYP,0
QSQPQAFP,0
QTQSLVYP,0
QVAIAHRDAK,0
QVPQPIP,0
QVSLNSGYY,0
RA,0
RADHPF,0
RFH,0
RGENESDEQGAIVT,0
RGENESEEEGAIVT,0
RGEPNND,0
RKE,0
RL,0
RMLGNTPTK,0
RMLGQTPTK,0
RMLGQTPWK,0
RPNPFENR,0
RW,0
RY,0
SAEQK,0
SAEQT,0
SAYPGQITSN,0
SDSCIR,0
SE,0
SEASNNK,0
SEE,0
SEEK,0
SEGGR,0
SEPKAIP,0
SF,0
SFE,0
SFG,0
SFQPQPLIYP,0
SG,0
SGIQSEPKAIP,0
SGVVAAVNDAAKDFHG,0
SHP,0
SLADEEKG,0
SLAKGDEE,0
SPE,0
SPVDM,0
SSMSSL,0
SSRNEQSR,0
SSVGGGSAG,0
STELFK,0
STMLLESER,0
TAY,0
TDVEQEGD,0
TE,0
TESSSE,0
TGC,0
TGDPEK,0
TMTL,0
TP,0
TPE,0
TREQMIHER,0
TYLPVH,0
VADLMR,0
VAPEEHPT,0
VDV,0
VEAL,0
VEH,0
VES,0
VEV,0
VLPTDQNFILR,0
VLSLNSGTEAVEAAIK,0
VPY,0
VRSY,0
VSSY,0
VT,0
VTADESQQDVLF,0
VTADESQQDVLK,0
VVGET,0
VVLNPVARVE,0
VYETPDR,0
WDDMEK,0
YADSNIQINGTDR,0
YE,0
YGGTPPFV,0
YLASCLSSVKEEK,0
YNEYPPLGR,0
YYGSNSA,0
